path	sha256	provenance
.gitattributes	47e0ae3766801af73e9b93a9b9933acfbdf033d85c22d1f3d66d62b025935ca1	generated scientific repository content
.github/workflows/ci.yml	8d5d2f3353387b0fd798445b8a3208944e8c43f3b73cbce55d09446f893e2bd2	generated scientific repository content
.gitignore	ae6d6120b1a10933015e8f6aa7151746562f2d434f4236d3adb6ce38d362334e	generated scientific repository content
CHANGELOG.md	17c50357b167c0c48f2db108d6dde09628f4bc1769a4576f4cb2eb2b30321576	generated scientific repository content
CITATION.cff	629eac56ce3b622f8766017ccea2f5b5326767293d0ac5cfcf1f3a3052352da9	generated scientific repository content
CONTRIBUTING.md	f05cb2e08e48cbeccbb86718882ee5b0d767b4bae560bec73c05a4e3d7b81fca	generated scientific repository content
LICENSE	e0b66bdbf6c797dab1ee97cb4998c9cc4128dd75202dc94cc5d094fb71ad2133	license or provenance documentation
MODEL_CARD.md	a5f2890fe28362e63c4207aeaf198f16d9de8ff23b02063c9cc520d669a6e70d	generated scientific repository content
Makefile	b48fc2d7e2f886052682e06536d33d52f4d22d77e0e07174ede1184df081fde7	generated scientific repository content
README.md	51a51a0c03974ae6a3a403411cedb206e66da7ee0f11c54a3b8a824b0fb2cc7a	generated scientific repository content
README_zh.md	42ce3dbb15b025b8d45c4bdd52773db9766ec0069b8097c0d3ebfb812aba255a	generated scientific repository content
THIRD_PARTY_NOTICES.md	a59acc2988beb55147a0801ba834cddbb31f10e2afd77df0d25553ec86d376ec	license or provenance documentation
VALIDATION.md	04356e8024bf981f39f2d4ce75b4c8bf1f3b886a4f3e7d827c5b07169af35ec3	generated scientific repository content
VERSION	59854984853104df5c353e2f681a15fc7924742f9a2e468c29af248dce45ce03	generated scientific repository content
configs/full_grid_example.yaml	d17619b8e20c1a316931e508bf9d4945319b85a17f913c592d0818c7361f9667	generated scientific repository content
configs/publication_candidates.yaml	8cf72542df700dc195282baee4af407654b5053a433ca58f9235b1714d107801	generated scientific repository content
data/README.md	9078996dc3deac0561686fc4f4c23266788e3ade4f2f83f8dc94ff22cef2acb3	generated scientific repository content
docs/CODE_PROVENANCE.md	d3bfce08db3fcf051eabf99aa02df4fc07663ceca792c478bea7a22dae52cf71	generated scientific repository content
docs/CROSSNN_METHOD_PROVENANCE.md	22a17d46699c1be131233f81bd784022e9647f74f8c8c8a6d6738e84866c07a8	license or provenance documentation
docs/INPUT_OUTPUT.md	28d31c299ad1dff443e2375a741e303733f8e811819a87388841f0dac74c6b2d	generated scientific repository content
docs/LICENSE_POLICY.md	3a68029d218bb0ac786c055a8cf209833d7635be0af7e45de00410ab9f21fb85	license or provenance documentation
docs/PARAMETERS.md	a73771b8608c20fe5cf3d04a0b70d1a6f6f7ecd82829bdb4f08cee0aded1db11	generated scientific repository content
docs/REPRODUCIBILITY.md	d987cb1a011f253f4ac9b82efa0d6a3d761518a10bd725fee9b2b50b0ac8f00c	generated scientific repository content
docs/SIMULATION.md	47cf9206ff606980b135c035d17646f227da0c3c25f9dc291fd63d666fe37986	generated scientific repository content
environment.yml	e98ce7f4c1058788fee3367aa9ef9a2fe7166f3b55ac4408e0957e882b8cd74c	generated scientific repository content
examples/README.md	4ddc6febabf36face76a4dea54d3325ac58efd303cf2e54e70fa4d0dc5bac9d7	generated scientific repository content
examples/make_simulation_reference.py	60657fc90d400ae4ec478d6a3b1a91e9dacb5792dc7d2aef7cd92453c02ce999	generated scientific repository content
examples/make_toy_data.py	5a0caea42103d7c4edeb2fec8b3875235868a9745dd3a912e398a186464ac2cd	generated scientific repository content
examples/run_all_smoke.sh	a3a5daa70d32dab934d445649625a0d0ec2874ddd0acdeebe21b135aa45a6ba2	generated scientific repository content
examples/run_crossnn.sh	19f11bed5ccf68b93b43c7dc237d7cbd4eed89efec24b8d2b1082d476f300bb1	generated scientific repository content
examples/run_mpcnet.sh	573df9a30ec6f49e38b082040117af6cd6bff8d5620e2577cc321f9d74820b80	generated scientific repository content
examples/run_rf.sh	095c82d9c48fabbc8d119555e89f059b2b84a5cc7dccddb1065e4b723e591b39	generated scientific repository content
examples/run_simulation.sh	d2d496b71d075130cf40a108963c209bd2d12c8647402d7586d45c26413ce52f	generated scientific repository content
examples/run_simulation_template.sh	8357d1dd8db0d48466a48b674a0e572d5c5819dbd1c2b3e2209b60deab83142e	generated scientific repository content
mbmmc/__init__.py	02f47c75a680c799f237951a1f16d72a71eaed711dfb118c884f4fae82bd043a	retained or normalized MBMMC model implementation
mbmmc/mpcnet_model.py	f10459e2f8c2b80cc3b4766fc4fea643d13b28b4eb8cd7b2c42e4adba61ff7d1	retained or normalized MBMMC model implementation
mbmmc/train_crossnn.py	8b60ed0b0d96e78891173fb6d272109f0008723f3c072b3899f514d4b6f85279	retained or normalized MBMMC model implementation
mbmmc/train_mpcnet.py	fe95ddae7c365a5b41a7bdb87ce2b66e59b2bc9cfbbd06c00cebde83eea90718	retained or normalized MBMMC model implementation
mbmmc/train_rf.py	ca17eea61111958f52f624933e539c8b10aa1c89de969605024e8b7a4cf0885e	retained or normalized MBMMC model implementation
mbmmc/utils/__init__.py	e3b0c44298fc1c149afbf4c8996fb92427ae41e4649b934ca495991b7852b855	retained or normalized MBMMC model implementation
mbmmc/utils/crossnn.py	51248c904866fc2c33ca6c28f4b0963a89f2e72ecf21f5cc99ded49e947d469d	retained or normalized MBMMC model implementation
mbmmc/utils/data_io.py	f66ddb1027e3023119d32a91c1528210b259c74c1aeb655063c13cb8fbf03b6d	retained or normalized MBMMC model implementation
mbmmc/utils/features.py	339e346cd3ccf62a8f7598059697988fa55ce7da1aff78b93062de6cf1f06337	retained or normalized MBMMC model implementation
mbmmc/utils/io.py	87b9e100daba9112b4bffb6af0ff69388b14b340422683facb188368dfa009f6	retained or normalized MBMMC model implementation
mbmmc/utils/masking.py	cd66158d0e5e053459fcbdabba9d892c80faed404774f300bc83e93376548207	retained or normalized MBMMC model implementation
mbmmc/utils/metrics.py	81f034289e6875ed2a3a27537dd1ec98f6197e1f13eb1b3a1935d6f30e410ff5	retained or normalized MBMMC model implementation
mbmmc/utils/model_zoo.py	5cebbe640e4da9e57753070660f6b649bc407e35e78deffa0cc34a92669d7e2b	retained or normalized MBMMC model implementation
mbmmc/utils/plots.py	4df24b6eb7070dd97596966ef5601dfdf42ccf2f45eda8dd59baff598ff639b7	retained or normalized MBMMC model implementation
mbmmc/utils/preprocessing.py	77ef36e245d8996acad1b36f71b5390803fb32f7470822e413c51246157795c1	retained or normalized MBMMC model implementation
mbmmc/utils/sample_weights.py	ade575a18a2daa28c6aec8fa7a49f13dc8c4673f10650c90a52cd5d59cb0e60b	retained or normalized MBMMC model implementation
pyproject.toml	c0129648235293ad3574069aa2da5ee60186df7f9ec37612fd4dbb8ca37018e5	generated scientific repository content
requirements-dev.txt	d316241b35bfffab3d293f123e2be16e4580213b1ad1a339edee5b5de6f43944	generated scientific repository content
requirements.txt	69801ca756a3e4b834982f26a856d6c1e5b7f8b9ada8be59c62ecebbf4f03b3f	generated scientific repository content
scripts/__init__.py	e3b0c44298fc1c149afbf4c8996fb92427ae41e4649b934ca495991b7852b855	generated scientific repository content
scripts/simulation/README.md	150530facd4a20b71d33820091a34cefed5b6fef6ea824be428a0ea45e71292c	generated scientific repository content
scripts/simulation/__init__.py	e3b0c44298fc1c149afbf4c8996fb92427ae41e4649b934ca495991b7852b855	generated scientific repository content
scripts/simulation/generate_cross_platform_in_silico_beta.py	46bca9ece6ce612d65ac943823edf250d9a97601e8adad31dde1cc9e3bfe5db7	normalized public packaging of uploaded source-audited simulator
tests/test_cli_help.py	a02002af9d3c4a0579625d02c9fbc4118e1c55c22b039e51784be078d824f7ac	generated scientific repository content
tests/test_grid_runner.py	f7db02877f999c4c9148dd22d145bdcbc35b7514778d0cf0884c26702adeba1a	generated scientific repository content
tests/test_license_and_provenance.py	8d82c606e17b70b39db78c070ebffe392d9e4d975b89720163ade2ea5b0c23d4	generated scientific repository content
tests/test_simulation_example.py	38479bfb285cb96518b063d12f08ee8bbc180e6d8f24bc0a75f67473634387cd	generated scientific repository content
tests/test_simulation_public_interface.py	c761593572d2d91ca9bc8d9ff9f950e71bce212641867e00f68d1ccc32fb77b1	generated scientific repository content
tests/test_stable_names.py	b322ea62d9a6ba8fd67c9b9f5cddd69d90ec0c92e9739c4303275a5d6a445a5b	repository naming regression test with environment exclusions
tests/test_toy_data.py	189dc9a288edd9479a72a41a509a5f3ff0966b6b05cbaf1f6739d867c32321bc	generated scientific repository content
tools/__init__.py	e3b0c44298fc1c149afbf4c8996fb92427ae41e4649b934ca495991b7852b855	generated scientific repository content
tools/check_release.py	69441cae9d0c278414a4799e3bb0366a03f5c24e8ae240c1138d14eba7177a3e	generated scientific repository content
tools/run_grid.py	f62f37d26e92accbf2e912bc5a9b33552b626f97f21f285278cd2a9572de4c98	generated scientific repository content
train_crossnn.py	ea7019a605db38f1ce9df36c295110e026eedaf8bc77e9fa7f686852c9d9d3e5	generated scientific repository content
train_mpcnet.py	973c2db5a178d3b9afcdc1a2a7503f60da7fd5b33b022b4b4efef5f4ce5b3c87	generated scientific repository content
train_rf.py	4badb8c0eae271ab5b786c02070ee83ee734cde5a67db71ce5361e9ed3af675d	generated scientific repository content
